{
  "active": "MUSICROOM",
  "profiles": {
    "BED": {
      "1": { "x": -0.9144, "y": -0.47625 },
      "2": { "x": 0.9144, "y": -0.47625 },
      "3": { "x": -0.9144, "y": 0.47625 },
      "4": { "x": 0.9144, "y": 0.47625 },
      "5": { "x": 0.0, "y": 0.47625 }
    },
    "ECELAB": {
      "1": { "x": -2.5654, "y": -2.5908 },
      "2": { "x": 3.0226, "y": -2.5908 },
      "3": { "x": -2.5654, "y": 2.5654 },
      "4": { "x": 3.0226, "y": 2.5654 },
      "5": { "x": 0.0, "y": 2.5654 }
    },
    "ECEDEMO": {
      "1": { "x": -3.8989, "y": -2.286 },
      "2": { "x": 3.8989, "y": -2.286 },
      "3": { "x": -3.8989, "y": 2.286 },
      "4": { "x": 3.8989, "y": 2.286 },
      "5": { "x": -0.1905, "y": 2.286 }
    },
    "MUSICROOM": {
      "1": { "x": -2.8448, "y": -3.048 },
      "2": { "x": 2.8448, "y": -3.048 },
      "3": { "x": -2.8448, "y": 3.048 },
      "4": { "x": 2.8448, "y": 3.048 },
      "5": { "x": 0, "y": 3.048 }
    }
  }
}
